id,document
1,"WeTechnoids is a technology-driven software development company offering services in web and mobile app development, cloud solutions, DevOps, automation, and digital transformation."
2,"WeTechnoids provides custom software development, web and mobile app development, cloud migration and management, DevOps implementation, QA testing, and digital transformation solutions."
3,"WeTechnoids serves industries such as e-commerce, healthcare, finance, education, retail, and logistics with customized technology solutions."
4,"WeTechnoids utilizes modern technologies including React, Angular, Node.js, Python, AWS, Azure, Docker, Kubernetes, and Selenium for development, testing, and deployment."
5,"Yes, WeTechnoids offers seamless cloud migration services along with infrastructure optimization, multi-cloud strategies, and disaster recovery planning."
6,"WeTechnoids ensures high-quality software through automated testing, CI/CD pipelines, performance monitoring, and security audits using advanced testing tools."
7,"You can contact WeTechnoids through the website contact form, email, or phone for inquiries about services, consultations, and project discussions."
8,"Yes, WeTechnoids specializes in mobile app development for iOS and Android platforms using frameworks like React Native, Flutter, and Swift."
9,"WeTechnoids follows an agile development approach to deliver high-quality and scalable solutions quickly and efficiently."
10,"Yes, WeTechnoids provides ongoing support and maintenance to ensure optimal performance and scalability of software solutions."
11,"WeTechnoids specializes in industries such as e-commerce, healthcare, fintech, education, and logistics, offering tailored solutions."
12,"WeTechnoids stands out with its innovative approach, cutting-edge technologies, and commitment to delivering scalable and robust solutions."
13,"Yes, WeTechnoids provides DevOps implementation, CI/CD pipeline setup, infrastructure automation, and performance optimization."
14,"WeTechnoids prioritizes data security through encryption, access control, regular audits, and compliance with industry standards."
15,"Yes, WeTechnoids specializes in building enterprise-grade applications with high performance, scalability, and security."
16,"WeTechnoids employs agile, Scrum, and Kanban methodologies to ensure project success and timely delivery."
17,"Yes, WeTechnoids offers API development and integration services for seamless connectivity and functionality."
18,"Yes, WeTechnoids has expertise in managing and delivering large-scale, complex projects across multiple domains."
19,"Yes, WeTechnoids delivers AI and machine learning solutions, including model training, deployment, and optimization."
20,"Project timelines depend on complexity and scope, but WeTechnoids follows agile practices to deliver results efficiently."
21,"WeTechnoids focuses on modernizing legacy systems, automating workflows, and integrating advanced technologies to drive digital transformation."
22,"Yes, WeTechnoids offers user-centric UI/UX design services to create engaging and intuitive interfaces."
23,"WeTechnoids supports platforms like AWS, Microsoft Azure, and Google Cloud for scalable and secure cloud solutions."
24,"Yes, WeTechnoids offers seamless integration of third-party tools and APIs for enhanced functionality."
25,"Yes, WeTechnoids specializes in custom software development to meet unique business requirements and challenges."
26,"WeTechnoids uses frameworks like Selenium, Jest, and Cypress for automated testing and quality assurance."
27,"The mission of WeTechnoids is to empower companies and organizations to drive their growth by delivering innovative technology solutions that unlock new opportunities. By providing access to a team of passionate and experienced engineers and solution providers, WeTechnoids ensures clients benefit from cutting-edge expertise and creative problem-solving. Dedicated professionals focus on understanding unique challenges and developing tailored solutions that propel businesses forward, leveraging the latest technologies and industry best practices to deliver scalable, secure, and future-ready solutions."
28,"The core values of WeTechnoids include: Advancement: Driving change by turning tomorrows possibilities into todays realities. Adaptability: Transforming visionary ideas into innovations that shape the future. User-Oriented: Showcasing a client-focused approach through business models, quality commitment, and project ownership. Resilient Drive: Overcoming challenges and turning them into opportunities to achieve success."
29,"The vision of WeTechnoids is to reimagine IT solutions into smart, agile, and AI-enhanced digital assets that redefine the future of business operations. Recognizing the challenges businesses face in managing digital systems, WeTechnoids aims to lead in digital transformation, providing globally agile services to clients in diverse countries. The resilient tech experts drive the IT world forward, seamlessly merging innovation with the demands of an ever-evolving digital era."
30,"WeTechnoids offers services in web development, mobile app development, generative AI, DevOps, custom software development, digital transformation, QA testing and automation, and cloud migration and management."
31,"The team at WeTechnoids includes: (CEO) Atif Hussain, ASE Bilal Javed ,(ASE) Hammad Ali , (ASE)Awaise Yusaf , (ASE)Umer Abid , (QA engineer)Shameel , AI Engineer Salahuddin , and (ASE) Uzair Ahmad ."
32,"Hammad mughal is a web developer at WeTechnoids with expertise in React, Angular, Node.js, and Python. He is passionate about creating innovative and user-friendly web applications."
33,"WeTechnoids is a leading software development company that offers a wide range of services, including web and mobile app development, cloud solutions, DevOps, automation, and digital transformation. With a team of experienced engineers and solution providers, WeTechnoids delivers cutting-edge technology solutions tailored to meet the unique needs of clients across various industries."
34,"WeTechnoids is committed to delivering high-quality software solutions that drive business growth and success. By leveraging the latest technologies and industry best practices, WeTechnoids ensures that clients receive scalable, secure, and future-ready solutions that meet their specific requirements. With a focus on innovation, creativity, and problem-solving, WeTechnoids empowers companies and organizations to unlock new opportunities and achieve their goals."
35,"WeTechnoids is dedicated to providing clients with user-centric, innovative, and reliable technology solutions that enhance their business operations and drive growth. With a team of passionate and experienced engineers, WeTechnoids offers a wide range of services, including web and mobile app development, cloud solutions, DevOps, automation, and digital transformation. By focusing on understanding the unique challenges faced by clients and developing tailored solutions that address their specific needs, WeTechnoids ensures that businesses benefit from cutting-edge expertise and creative problem-solving."
36,"WeTechnoids is a technology-driven software development company that specializes in web and mobile app development, cloud solutions, DevOps, automation, and digital transformation. With a team of dedicated professionals who are experts in their respective fields, WeTechnoids delivers high-quality, scalable, and secure solutions that help clients achieve their business goals. By leveraging the latest technologies and industry best practices, WeTechnoids ensures that clients benefit from innovative, reliable, and future-ready solutions that drive growth and success."
37,"Salahuddin is an AI engineer at WeTechnoids with expertise in machine learning, deep learning, and natural language processing. He is passionate about developing AI solutions that drive business growth and success."
38,"Shameel is a QA engineer at WeTechnoids with expertise in automated testing, performance monitoring, and security audits. He is dedicated to ensuring the high quality and reliability of software solutions through rigorous testing and quality assurance processes." 
39,"Bilal Javed is an ASE at WeTechnoids with expertise in web and mobile app development, cloud solutions, and DevOps. He is committed to delivering high-quality, scalable, and secure solutions that meet the unique needs of clients across various industries."
40,"Umer Abid is an wordpress developer at WeTechnoids. He is passionate about leveraging the latest technologies and industry best practices to deliver innovative, reliable, and future-ready solutions that drive business growth and success."
41,"Awaise Yusaf is an ASE at WeTechnoids with expertise in web and mobile app development, cloud solutions, and DevOps. He is dedicated to delivering high-quality, scalable, and secure solutions that help clients achieve their business goals."
42,"Atif Hussain is the CEO of WeTechnoids. He is committed to driving change and innovation in the technology industry by delivering cutting-edge solutions that help businesses unlock new opportunities and achieve success."
43,"Uzair Ahmad is an ASE at WeTechnoids with expertise in web and mobile app development, cloud solutions, and DevOps. He is passionate about developing high-quality, scalable, and secure solutions that meet the unique needs of clients across various industries."


